year,age,population
2022,0,343000
2022,1,343000
2022,2,343000
2022,3,343000
2022,4,343000
2022,5,333800
2022,6,333800
2022,7,333800
2022,8,333800
2022,9,333800
2022,10,324800
2022,11,324800
2022,12,324800
2022,13,324800
2022,14,324800
2022,15,337600
2022,16,337600
2022,17,337600
2022,18,337600
2022,19,337600
2022,20,376200
2022,21,376200
2022,22,376200
2022,23,376200
2022,24,376200
2022,25,398200
2022,26,398200
2022,27,398200
2022,28,398200
2022,29,398200
2022,30,386400
2022,31,386400
2022,32,386400
2022,33,386400
2022,34,386400
2022,35,360400
2022,36,360400
2022,37,360400
2022,38,360400
2022,39,360400
2022,40,328400
2022,41,328400
2022,42,328400
2022,43,328400
2022,44,328400
2022,45,365200
2022,46,365200
2022,47,365200
2022,48,365200
2022,49,365200
2022,50,441800
2022,51,441800
2022,52,441800
2022,53,441800
2022,54,441800
2022,55,366200
2022,56,366200
2022,57,366200
2022,58,366200
2022,59,366200
2022,60,293400
2022,61,293400
2022,62,293400
2022,63,293400
2022,64,293400
2022,65,203200
2022,66,203200
2022,67,203200
2022,68,203200
2022,69,203200
2022,70,150600
2022,71,150600
2022,72,150600
2022,73,150600
2022,74,150600
2022,75,134400
2022,76,134400
2022,77,134400
2022,78,134400
2022,79,134400
2022,80,83000
2022,81,83000
2022,82,83000
2022,83,83000
2022,84,83000
2022,85,31400
2022,86,31400
2022,87,31400
2022,88,31400
2022,89,31400
2022,90,6800
2022,91,6800
2022,92,6800
2022,93,6800
2022,94,6800
2022,95,1000
2022,96,1000
2022,97,1000
2022,98,1000
2022,99,1000
2023,0,342200
2023,1,342200
2023,2,342200
2023,3,342200
2023,4,342200
2023,5,336400
2023,6,336400
2023,7,336400
2023,8,336400
2023,9,336400
2023,10,324200
2023,11,324200
2023,12,324200
2023,13,324200
2023,14,324200
2023,15,332200
2023,16,332200
2023,17,332200
2023,18,332200
2023,19,332200
2023,20,368600
2023,21,368600
2023,22,368600
2023,23,368600
2023,24,368600
2023,25,395000
2023,26,395000
2023,27,395000
2023,28,395000
2023,29,395000
2023,30,390800
2023,31,390800
2023,32,390800
2023,33,390800
2023,34,390800
2023,35,364200
2023,36,364200
2023,37,364200
2023,38,364200
2023,39,364200
2023,40,335000
2023,41,335000
2023,42,335000
2023,43,335000
2023,44,335000
2023,45,341600
2023,46,341600
2023,47,341600
2023,48,341600
2023,49,341600
2023,50,437400
2023,51,437400
2023,52,437400
2023,53,437400
2023,54,437400
2023,55,385400
2023,56,385400
2023,57,385400
2023,58,385400
2023,59,385400
2023,60,295200
2023,61,295200
2023,62,295200
2023,63,295200
2023,64,295200
2023,65,230600
2023,66,230600
2023,67,230600
2023,68,230600
2023,69,230600
2023,70,142800
2023,71,142800
2023,72,142800
2023,73,142800
2023,74,142800
2023,75,135000
2023,76,135000
2023,77,135000
2023,78,135000
2023,79,135000
2023,80,84400
2023,81,84400
2023,82,84400
2023,83,84400
2023,84,84400
2023,85,34200
2023,86,34200
2023,87,34200
2023,88,34200
2023,89,34200
2023,90,7400
2023,91,7400
2023,92,7400
2023,93,7400
2023,94,7400
2023,95,1000
2023,96,1000
2023,97,1000
2023,98,1000
2023,99,1000
2024,0,341000
2024,1,341000
2024,2,341000
2024,3,341000
2024,4,341000
2024,5,338600
2024,6,338600
2024,7,338600
2024,8,338600
2024,9,338600
2024,10,324800
2024,11,324800
2024,12,324800
2024,13,324800
2024,14,324800
2024,15,328200
2024,16,328200
2024,17,328200
2024,18,328200
2024,19,328200
2024,20,360000
2024,21,360000
2024,22,360000
2024,23,360000
2024,24,360000
2024,25,391400
2024,26,391400
2024,27,391400
2024,28,391400
2024,29,391400
2024,30,394600
2024,31,394600
2024,32,394600
2024,33,394600
2024,34,394600
2024,35,368200
2024,36,368200
2024,37,368200
2024,38,368200
2024,39,368200
2024,40,341200
2024,41,341200
2024,42,341200
2024,43,341200
2024,44,341200
2024,45,328000
2024,46,328000
2024,47,328000
2024,48,328000
2024,49,328000
2024,50,423800
2024,51,423800
2024,52,423800
2024,53,423800
2024,54,423800
2024,55,400400
2024,56,400400
2024,57,400400
2024,58,400400
2024,59,400400
2024,60,302600
2024,61,302600
2024,62,302600
2024,63,302600
2024,64,302600
2024,65,248800
2024,66,248800
2024,67,248800
2024,68,248800
2024,69,248800
2024,70,142200
2024,71,142200
2024,72,142200
2024,73,142200
2024,74,142200
2024,75,134600
2024,76,134600
2024,77,134600
2024,78,134600
2024,79,134600
2024,80,85400
2024,81,85400
2024,82,85400
2024,83,85400
2024,84,85400
2024,85,36600
2024,86,36600
2024,87,36600
2024,88,36600
2024,89,36600
2024,90,8200
2024,91,8200
2024,92,8200
2024,93,8200
2024,94,8200
2024,95,1200
2024,96,1200
2024,97,1200
2024,98,1200
2024,99,1200
2025,0,338600
2025,1,338600
2025,2,338600
2025,3,338600
2025,4,338600
2025,5,340200
2025,6,340200
2025,7,340200
2025,8,340200
2025,9,340200
2025,10,327200
2025,11,327200
2025,12,327200
2025,13,327200
2025,14,327200
2025,15,325800
2025,16,325800
2025,17,325800
2025,18,325800
2025,19,325800
2025,20,349800
2025,21,349800
2025,22,349800
2025,23,349800
2025,24,349800
2025,25,386200
2025,26,386200
2025,27,386200
2025,28,386200
2025,29,386200
2025,30,396800
2025,31,396800
2025,32,396800
2025,33,396800
2025,34,396800
2025,35,372800
2025,36,372800
2025,37,372800
2025,38,372800
2025,39,372800
2025,40,347400
2025,41,347400
2025,42,347400
2025,43,347400
2025,44,347400
2025,45,320200
2025,46,320200
2025,47,320200
2025,48,320200
2025,49,320200
2025,50,405600
2025,51,405600
2025,52,405600
2025,53,405600
2025,54,405600
2025,55,414600
2025,56,414600
2025,57,414600
2025,58,414600
2025,59,414600
2025,60,314000
2025,61,314000
2025,62,314000
2025,63,314000
2025,64,314000
2025,65,259400
2025,66,259400
2025,67,259400
2025,68,259400
2025,69,259400
2025,70,146200
2025,71,146200
2025,72,146200
2025,73,146200
2025,74,146200
2025,75,135000
2025,76,135000
2025,77,135000
2025,78,135000
2025,79,135000
2025,80,86400
2025,81,86400
2025,82,86400
2025,83,86400
2025,84,86400
2025,85,38800
2025,86,38800
2025,87,38800
2025,88,38800
2025,89,38800
2025,90,8800
2025,91,8800
2025,92,8800
2025,93,8800
2025,94,8800
2025,95,1200
2025,96,1200
2025,97,1200
2025,98,1200
2025,99,1200
2026,0,335400
2026,1,335400
2026,2,335400
2026,3,335400
2026,4,335400
2026,5,341200
2026,6,341200
2026,7,341200
2026,8,341200
2026,9,341200
2026,10,330000
2026,11,330000
2026,12,330000
2026,13,330000
2026,14,330000
2026,15,324200
2026,16,324200
2026,17,324200
2026,18,324200
2026,19,324200
2026,20,340400
2026,21,340400
2026,22,340400
2026,23,340400
2026,24,340400
2026,25,380000
2026,26,380000
2026,27,380000
2026,28,380000
2026,29,380000
2026,30,397000
2026,31,397000
2026,32,397000
2026,33,397000
2026,34,397000
2026,35,378000
2026,36,378000
2026,37,378000
2026,38,378000
2026,39,378000
2026,40,352200
2026,41,352200
2026,42,352200
2026,43,352200
2026,44,352200
2026,45,318800
2026,46,318800
2026,47,318800
2026,48,318800
2026,49,318800
2026,50,383600
2026,51,383600
2026,52,383600
2026,53,383600
2026,54,383600
2026,55,424200
2026,56,424200
2026,57,424200
2026,58,424200
2026,59,424200
2026,60,328800
2026,61,328800
2026,62,328800
2026,63,328800
2026,64,328800
2026,65,267400
2026,66,267400
2026,67,267400
2026,68,267400
2026,69,267400
2026,70,157000
2026,71,157000
2026,72,157000
2026,73,157000
2026,74,157000
2026,75,129200
2026,76,129200
2026,77,129200
2026,78,129200
2026,79,129200
2026,80,87600
2026,81,87600
2026,82,87600
2026,83,87600
2026,84,87600
2026,85,40200
2026,86,40200
2026,87,40200
2026,88,40200
2026,89,40200
2026,90,9800
2026,91,9800
2026,92,9800
2026,93,9800
2026,94,9800
2026,95,1200
2026,96,1200
2026,97,1200
2026,98,1200
2026,99,1200
2027,0,331000
2027,1,331000
2027,2,331000
2027,3,331000
2027,4,331000
2027,5,341400
2027,6,341400
2027,7,341400
2027,8,341400
2027,9,341400
2027,10,332600
2027,11,332600
2027,12,332600
2027,13,332600
2027,14,332600
2027,15,323000
2027,16,323000
2027,17,323000
2027,18,323000
2027,19,323000
2027,20,332800
2027,21,332800
2027,22,332800
2027,23,332800
2027,24,332800
2027,25,372800
2027,26,372800
2027,27,372800
2027,28,372800
2027,29,372800
2027,30,395400
2027,31,395400
2027,32,395400
2027,33,395400
2027,34,395400
2027,35,383200
2027,36,383200
2027,37,383200
2027,38,383200
2027,39,383200
2027,40,356400
2027,41,356400
2027,42,356400
2027,43,356400
2027,44,356400
2027,45,323800
2027,46,323800
2027,47,323800
2027,48,323800
2027,49,323800
2027,50,357000
2027,51,357000
2027,52,357000
2027,53,357000
2027,54,357000
2027,55,427600
2027,56,427600
2027,57,427600
2027,58,427600
2027,59,427600
2027,60,349400
2027,61,349400
2027,62,349400
2027,63,349400
2027,64,349400
2027,65,270800
2027,66,270800
2027,67,270800
2027,68,270800
2027,69,270800
2027,70,178600
2027,71,178600
2027,72,178600
2027,73,178600
2027,74,178600
2027,75,118400
2027,76,118400
2027,77,118400
2027,78,118400
2027,79,118400
2027,80,88800
2027,81,88800
2027,82,88800
2027,83,88800
2027,84,88800
2027,85,41600
2027,86,41600
2027,87,41600
2027,88,41600
2027,89,41600
2027,90,11000
2027,91,11000
2027,92,11000
2027,93,11000
2027,94,11000
2027,95,1400
2027,96,1400
2027,97,1400
2027,98,1400
2027,99,1400
2028,0,326000
2028,1,326000
2028,2,326000
2028,3,326000
2028,4,326000
2028,5,340600
2028,6,340600
2028,7,340600
2028,8,340600
2028,9,340600
2028,10,335200
2028,11,335200
2028,12,335200
2028,13,335200
2028,14,335200
2028,15,322400
2028,16,322400
2028,17,322400
2028,18,322400
2028,19,322400
2028,20,326800
2028,21,326800
2028,22,326800
2028,23,326800
2028,24,326800
2028,25,365200
2028,26,365200
2028,27,365200
2028,28,365200
2028,29,365200
2028,30,392800
2028,31,392800
2028,32,392800
2028,33,392800
2028,34,392800
2028,35,388000
2028,36,388000
2028,37,388000
2028,38,388000
2028,39,388000
2028,40,360400
2028,41,360400
2028,42,360400
2028,43,360400
2028,44,360400
2028,45,330000
2028,46,330000
2028,47,330000
2028,48,330000
2028,49,330000
2028,50,334200
2028,51,334200
2028,52,334200
2028,53,334200
2028,54,334200
2028,55,423200
2028,56,423200
2028,57,423200
2028,58,423200
2028,59,423200
2028,60,367800
2028,61,367800
2028,62,367800
2028,63,367800
2028,64,367800
2028,65,272600
2028,66,272600
2028,67,272600
2028,68,272600
2028,69,272600
2028,70,202600
2028,71,202600
2028,72,202600
2028,73,202600
2028,74,202600
2028,75,112600
2028,76,112600
2028,77,112600
2028,78,112600
2028,79,112600
2028,80,89600
2028,81,89600
2028,82,89600
2028,83,89600
2028,84,89600
2028,85,42600
2028,86,42600
2028,87,42600
2028,88,42600
2028,89,42600
2028,90,11800
2028,91,11800
2028,92,11800
2028,93,11800
2028,94,11800
2028,95,1400
2028,96,1400
2028,97,1400
2028,98,1400
2028,99,1400
2029,0,320000
2029,1,320000
2029,2,320000
2029,3,320000
2029,4,320000
2029,5,339200
2029,6,339200
2029,7,339200
2029,8,339200
2029,9,339200
2029,10,337400
2029,11,337400
2029,12,337400
2029,13,337400
2029,14,337400
2029,15,322800
2029,16,322800
2029,17,322800
2029,18,322800
2029,19,322800
2029,20,322800
2029,21,322800
2029,22,322800
2029,23,322800
2029,24,322800
2029,25,356200
2029,26,356200
2029,27,356200
2029,28,356200
2029,29,356200
2029,30,389200
2029,31,389200
2029,32,389200
2029,33,389200
2029,34,389200
2029,35,391800
2029,36,391800
2029,37,391800
2029,38,391800
2029,39,391800
2029,40,364400
2029,41,364400
2029,42,364400
2029,43,364400
2029,44,364400
2029,45,336400
2029,46,336400
2029,47,336400
2029,48,336400
2029,49,336400
2029,50,321000
2029,51,321000
2029,52,321000
2029,53,321000
2029,54,321000
2029,55,410600
2029,56,410600
2029,57,410600
2029,58,410600
2029,59,410600
2029,60,382200
2029,61,382200
2029,62,382200
2029,63,382200
2029,64,382200
2029,65,279800
2029,66,279800
2029,67,279800
2029,68,279800
2029,69,279800
2029,70,218600
2029,71,218600
2029,72,218600
2029,73,218600
2029,74,218600
2029,75,112800
2029,76,112800
2029,77,112800
2029,78,112800
2029,79,112800
2029,80,89400
2029,81,89400
2029,82,89400
2029,83,89400
2029,84,89400
2029,85,43200
2029,86,43200
2029,87,43200
2029,88,43200
2029,89,43200
2029,90,12800
2029,91,12800
2029,92,12800
2029,93,12800
2029,94,12800
2029,95,1600
2029,96,1600
2029,97,1600
2029,98,1600
2029,99,1600
2029,100,200
2029,101,200
2029,102,200
2029,103,200
2029,104,200
2030,0,313400
2030,1,313400
2030,2,313400
2030,3,313400
2030,4,313400
2030,5,337000
2030,6,337000
2030,7,337000
2030,8,337000
2030,9,337000
2030,10,339000
2030,11,339000
2030,12,339000
2030,13,339000
2030,14,339000
2030,15,325200
2030,16,325200
2030,17,325200
2030,18,325200
2030,19,325200
2030,20,320200
2030,21,320200
2030,22,320200
2030,23,320200
2030,24,320200
2030,25,346200
2030,26,346200
2030,27,346200
2030,28,346200
2030,29,346200
2030,30,384400
2030,31,384400
2030,32,384400
2030,33,384400
2030,34,384400
2030,35,394000
2030,36,394000
2030,37,394000
2030,38,394000
2030,39,394000
2030,40,369000
2030,41,369000
2030,42,369000
2030,43,369000
2030,44,369000
2030,45,342600
2030,46,342600
2030,47,342600
2030,48,342600
2030,49,342600
2030,50,313400
2030,51,313400
2030,52,313400
2030,53,313400
2030,54,313400
2030,55,393000
2030,56,393000
2030,57,393000
2030,58,393000
2030,59,393000
2030,60,395600
2030,61,395600
2030,62,395600
2030,63,395600
2030,64,395600
2030,65,290600
2030,66,290600
2030,67,290600
2030,68,290600
2030,69,290600
2030,70,227800
2030,71,227800
2030,72,227800
2030,73,227800
2030,74,227800
2030,75,116600
2030,76,116600
2030,77,116600
2030,78,116600
2030,79,116600
2030,80,89800
2030,81,89800
2030,82,89800
2030,83,89800
2030,84,89800
2030,85,43800
2030,86,43800
2030,87,43800
2030,88,43800
2030,89,43800
2030,90,13400
2030,91,13400
2030,92,13400
2030,93,13400
2030,94,13400
2030,95,2000
2030,96,2000
2030,97,2000
2030,98,2000
2030,99,2000
2030,100,200
2030,101,200
2030,102,200
2030,103,200
2030,104,200
2031,0,306800
2031,1,306800
2031,2,306800
2031,3,306800
2031,4,306800
2031,5,333800
2031,6,333800
2031,7,333800
2031,8,333800
2031,9,333800
2031,10,340200
2031,11,340200
2031,12,340200
2031,13,340200
2031,14,340200
2031,15,328200
2031,16,328200
2031,17,328200
2031,18,328200
2031,19,328200
2031,20,318800
2031,21,318800
2031,22,318800
2031,23,318800
2031,24,318800
2031,25,336800
2031,26,336800
2031,27,336800
2031,28,336800
2031,29,336800
2031,30,378000
2031,31,378000
2031,32,378000
2031,33,378000
2031,34,378000
2031,35,394200
2031,36,394200
2031,37,394200
2031,38,394200
2031,39,394200
2031,40,374000
2031,41,374000
2031,42,374000
2031,43,374000
2031,44,374000
2031,45,347600
2031,46,347600
2031,47,347600
2031,48,347600
2031,49,347600
2031,50,312200
2031,51,312200
2031,52,312200
2031,53,312200
2031,54,312200
2031,55,371800
2031,56,371800
2031,57,371800
2031,58,371800
2031,59,371800
2031,60,405000
2031,61,405000
2031,62,405000
2031,63,405000
2031,64,405000
2031,65,304600
2031,66,304600
2031,67,304600
2031,68,304600
2031,69,304600
2031,70,235000
2031,71,235000
2031,72,235000
2031,73,235000
2031,74,235000
2031,75,126000
2031,76,126000
2031,77,126000
2031,78,126000
2031,79,126000
2031,80,86200
2031,81,86200
2031,82,86200
2031,83,86200
2031,84,86200
2031,85,44800
2031,86,44800
2031,87,44800
2031,88,44800
2031,89,44800
2031,90,14000
2031,91,14000
2031,92,14000
2031,93,14000
2031,94,14000
2031,95,2000
2031,96,2000
2031,97,2000
2031,98,2000
2031,99,2000
2031,100,200
2031,101,200
2031,102,200
2031,103,200
2031,104,200
2032,0,300200
2032,1,300200
2032,2,300200
2032,3,300200
2032,4,300200
2032,5,329400
2032,6,329400
2032,7,329400
2032,8,329400
2032,9,329400
2032,10,340400
2032,11,340400
2032,12,340400
2032,13,340400
2032,14,340400
2032,15,330800
2032,16,330800
2032,17,330800
2032,18,330800
2032,19,330800
2032,20,317600
2032,21,317600
2032,22,317600
2032,23,317600
2032,24,317600
2032,25,329200
2032,26,329200
2032,27,329200
2032,28,329200
2032,29,329200
2032,30,371000
2032,31,371000
2032,32,371000
2032,33,371000
2032,34,371000
2032,35,392800
2032,36,392800
2032,37,392800
2032,38,392800
2032,39,392800
2032,40,379400
2032,41,379400
2032,42,379400
2032,43,379400
2032,44,379400
2032,45,351400
2032,46,351400
2032,47,351400
2032,48,351400
2032,49,351400
2032,50,317000
2032,51,317000
2032,52,317000
2032,53,317000
2032,54,317000
2032,55,346200
2032,56,346200
2032,57,346200
2032,58,346200
2032,59,346200
2032,60,408400
2032,61,408400
2032,62,408400
2032,63,408400
2032,64,408400
2032,65,323800
2032,66,323800
2032,67,323800
2032,68,323800
2032,69,323800
2032,70,238400
2032,71,238400
2032,72,238400
2032,73,238400
2032,74,238400
2032,75,143400
2032,76,143400
2032,77,143400
2032,78,143400
2032,79,143400
2032,80,78800
2032,81,78800
2032,82,78800
2032,83,78800
2032,84,78800
2032,85,45600
2032,86,45600
2032,87,45600
2032,88,45600
2032,89,45600
2032,90,14400
2032,91,14400
2032,92,14400
2032,93,14400
2032,94,14400
2032,95,2200
2032,96,2200
2032,97,2200
2032,98,2200
2032,99,2200
2032,100,200
2032,101,200
2032,102,200
2032,103,200
2032,104,200
2033,0,293600
2033,1,293600
2033,2,293600
2033,3,293600
2033,4,293600
2033,5,324400
2033,6,324400
2033,7,324400
2033,8,324400
2033,9,324400
2033,10,339600
2033,11,339600
2033,12,339600
2033,13,339600
2033,14,339600
2033,15,333400
2033,16,333400
2033,17,333400
2033,18,333400
2033,19,333400
2033,20,317000
2033,21,317000
2033,22,317000
2033,23,317000
2033,24,317000
2033,25,323600
2033,26,323600
2033,27,323600
2033,28,323600
2033,29,323600
2033,30,363200
2033,31,363200
2033,32,363200
2033,33,363200
2033,34,363200
2033,35,390000
2033,36,390000
2033,37,390000
2033,38,390000
2033,39,390000
2033,40,384200
2033,41,384200
2033,42,384200
2033,43,384200
2033,44,384200
2033,45,355400
2033,46,355400
2033,47,355400
2033,48,355400
2033,49,355400
2033,50,323200
2033,51,323200
2033,52,323200
2033,53,323200
2033,54,323200
2033,55,324000
2033,56,324000
2033,57,324000
2033,58,324000
2033,59,324000
2033,60,404400
2033,61,404400
2033,62,404400
2033,63,404400
2033,64,404400
2033,65,341200
2033,66,341200
2033,67,341200
2033,68,341200
2033,69,341200
2033,70,240200
2033,71,240200
2033,72,240200
2033,73,240200
2033,74,240200
2033,75,162800
2033,76,162800
2033,77,162800
2033,78,162800
2033,79,162800
2033,80,75000
2033,81,75000
2033,82,75000
2033,83,75000
2033,84,75000
2033,85,46000
2033,86,46000
2033,87,46000
2033,88,46000
2033,89,46000
2033,90,14800
2033,91,14800
2033,92,14800
2033,93,14800
2033,94,14800
2033,95,2600
2033,96,2600
2033,97,2600
2033,98,2600
2033,99,2600
2033,100,200
2033,101,200
2033,102,200
2033,103,200
2033,104,200
2034,0,287000
2034,1,287000
2034,2,287000
2034,3,287000
2034,4,287000
2034,5,318600
2034,6,318600
2034,7,318600
2034,8,318600
2034,9,318600
2034,10,338200
2034,11,338200
2034,12,338200
2034,13,338200
2034,14,338200
2034,15,335400
2034,16,335400
2034,17,335400
2034,18,335400
2034,19,335400
2034,20,317600
2034,21,317600
2034,22,317600
2034,23,317600
2034,24,317600
2034,25,319200
2034,26,319200
2034,27,319200
2034,28,319200
2034,29,319200
2034,30,354600
2034,31,354600
2034,32,354600
2034,33,354600
2034,34,354600
2034,35,386800
2034,36,386800
2034,37,386800
2034,38,386800
2034,39,386800
2034,40,388000
2034,41,388000
2034,42,388000
2034,43,388000
2034,44,388000
2034,45,359400
2034,46,359400
2034,47,359400
2034,48,359400
2034,49,359400
2034,50,329600
2034,51,329600
2034,52,329600
2034,53,329600
2034,54,329600
2034,55,311400
2034,56,311400
2034,57,311400
2034,58,311400
2034,59,311400
2034,60,392400
2034,61,392400
2034,62,392400
2034,63,392400
2034,64,392400
2034,65,354800
2034,66,354800
2034,67,354800
2034,68,354800
2034,69,354800
2034,70,247000
2034,71,247000
2034,72,247000
2034,73,247000
2034,74,247000
2034,75,175800
2034,76,175800
2034,77,175800
2034,78,175800
2034,79,175800
2034,80,75800
2034,81,75800
2034,82,75800
2034,83,75800
2034,84,75800
2034,85,46000
2034,86,46000
2034,87,46000
2034,88,46000
2034,89,46000
2034,90,15200
2034,91,15200
2034,92,15200
2034,93,15200
2034,94,15200
2034,95,2800
2034,96,2800
2034,97,2800
2034,98,2800
2034,99,2800
2034,100,200
2034,101,200
2034,102,200
2034,103,200
2034,104,200
2035,0,281400
2035,1,281400
2035,2,281400
2035,3,281400
2035,4,281400
2035,5,312200
2035,6,312200
2035,7,312200
2035,8,312200
2035,9,312200
2035,10,336000
2035,11,336000
2035,12,336000
2035,13,336000
2035,14,336000
2035,15,337200
2035,16,337200
2035,17,337200
2035,18,337200
2035,19,337200
2035,20,320000
2035,21,320000
2035,22,320000
2035,23,320000
2035,24,320000
2035,25,316800
2035,26,316800
2035,27,316800
2035,28,316800
2035,29,316800
2035,30,344600
2035,31,344600
2035,32,344600
2035,33,344600
2035,34,344600
2035,35,381600
2035,36,381600
2035,37,381600
2035,38,381600
2035,39,381600
2035,40,390200
2035,41,390200
2035,42,390200
2035,43,390200
2035,44,390200
2035,45,364000
2035,46,364000
2035,47,364000
2035,48,364000
2035,49,364000
2035,50,335600
2035,51,335600
2035,52,335600
2035,53,335600
2035,54,335600
2035,55,304200
2035,56,304200
2035,57,304200
2035,58,304200
2035,59,304200
2035,60,375800
2035,61,375800
2035,62,375800
2035,63,375800
2035,64,375800
2035,65,367400
2035,66,367400
2035,67,367400
2035,68,367400
2035,69,367400
2035,70,257000
2035,71,257000
2035,72,257000
2035,73,257000
2035,74,257000
2035,75,183400
2035,76,183400
2035,77,183400
2035,78,183400
2035,79,183400
2035,80,79600
2035,81,79600
2035,82,79600
2035,83,79600
2035,84,79600
2035,85,46600
2035,86,46600
2035,87,46600
2035,88,46600
2035,89,46600
2035,90,15400
2035,91,15400
2035,92,15400
2035,93,15400
2035,94,15400
2035,95,2800
2035,96,2800
2035,97,2800
2035,98,2800
2035,99,2800
2035,100,200
2035,101,200
2035,102,200
2035,103,200
2035,104,200
2036,0,276200
2036,1,276200
2036,2,276200
2036,3,276200
2036,4,276200
2036,5,305400
2036,6,305400
2036,7,305400
2036,8,305400
2036,9,305400
2036,10,332600
2036,11,332600
2036,12,332600
2036,13,332600
2036,14,332600
2036,15,338200
2036,16,338200
2036,17,338200
2036,18,338200
2036,19,338200
2036,20,322600
2036,21,322600
2036,22,322600
2036,23,322600
2036,24,322600
2036,25,315400
2036,26,315400
2036,27,315400
2036,28,315400
2036,29,315400
2036,30,335200
2036,31,335200
2036,32,335200
2036,33,335200
2036,34,335200
2036,35,375600
2036,36,375600
2036,37,375600
2036,38,375600
2036,39,375600
2036,40,390400
2036,41,390400
2036,42,390400
2036,43,390400
2036,44,390400
2036,45,369200
2036,46,369200
2036,47,369200
2036,48,369200
2036,49,369200
2036,50,340600
2036,51,340600
2036,52,340600
2036,53,340600
2036,54,340600
2036,55,303200
2036,56,303200
2036,57,303200
2036,58,303200
2036,59,303200
2036,60,355600
2036,61,355600
2036,62,355600
2036,63,355600
2036,64,355600
2036,65,376400
2036,66,376400
2036,67,376400
2036,68,376400
2036,69,376400
2036,70,269600
2036,71,269600
2036,72,269600
2036,73,269600
2036,74,269600
2036,75,189200
2036,76,189200
2036,77,189200
2036,78,189200
2036,79,189200
2036,80,86600
2036,81,86600
2036,82,86600
2036,83,86600
2036,84,86600
2036,85,44600
2036,86,44600
2036,87,44600
2036,88,44600
2036,89,44600
2036,90,15800
2036,91,15800
2036,92,15800
2036,93,15800
2036,94,15800
2036,95,3000
2036,96,3000
2036,97,3000
2036,98,3000
2036,99,3000
2036,100,200
2036,101,200
2036,102,200
2036,103,200
2036,104,200
2037,0,271600
2037,1,271600
2037,2,271600
2037,3,271600
2037,4,271600
2037,5,298600
2037,6,298600
2037,7,298600
2037,8,298600
2037,9,298600
2037,10,328400
2037,11,328400
2037,12,328400
2037,13,328400
2037,14,328400
2037,15,338600
2037,16,338600
2037,17,338600
2037,18,338600
2037,19,338600
2037,20,325600
2037,21,325600
2037,22,325600
2037,23,325600
2037,24,325600
2037,25,314200
2037,26,314200
2037,27,314200
2037,28,314200
2037,29,314200
2037,30,327600
2037,31,327600
2037,32,327600
2037,33,327600
2037,34,327600
2037,35,368400
2037,36,368400
2037,37,368400
2037,38,368400
2037,39,368400
2037,40,389000
2037,41,389000
2037,42,389000
2037,43,389000
2037,44,389000
2037,45,374600
2037,46,374600
2037,47,374600
2037,48,374600
2037,49,374600
2037,50,344400
2037,51,344400
2037,52,344400
2037,53,344400
2037,54,344400
2037,55,307800
2037,56,307800
2037,57,307800
2037,58,307800
2037,59,307800
2037,60,331200
2037,61,331200
2037,62,331200
2037,63,331200
2037,64,331200
2037,65,379800
2037,66,379800
2037,67,379800
2037,68,379800
2037,69,379800
2037,70,287000
2037,71,287000
2037,72,287000
2037,73,287000
2037,74,287000
2037,75,191800
2037,76,191800
2037,77,191800
2037,78,191800
2037,79,191800
2037,80,98600
2037,81,98600
2037,82,98600
2037,83,98600
2037,84,98600
2037,85,40600
2037,86,40600
2037,87,40600
2037,88,40600
2037,89,40600
2037,90,16400
2037,91,16400
2037,92,16400
2037,93,16400
2037,94,16400
2037,95,3200
2037,96,3200
2037,97,3200
2037,98,3200
2037,99,3200
2037,100,200
2037,101,200
2037,102,200
2037,103,200
2037,104,200
2038,0,267800
2038,1,267800
2038,2,267800
2038,3,267800
2038,4,267800
2038,5,292000
2038,6,292000
2038,7,292000
2038,8,292000
2038,9,292000
2038,10,323600
2038,11,323600
2038,12,323600
2038,13,323600
2038,14,323600
2038,15,337800
2038,16,337800
2038,17,337800
2038,18,337800
2038,19,337800
2038,20,328000
2038,21,328000
2038,22,328000
2038,23,328000
2038,24,328000
2038,25,313800
2038,26,313800
2038,27,313800
2038,28,313800
2038,29,313800
2038,30,322000
2038,31,322000
2038,32,322000
2038,33,322000
2038,34,322000
2038,35,361000
2038,36,361000
2038,37,361000
2038,38,361000
2038,39,361000
2038,40,386600
2038,41,386600
2038,42,386600
2038,43,386600
2038,44,386600
2038,45,379200
2038,46,379200
2038,47,379200
2038,48,379200
2038,49,379200
2038,50,348600
2038,51,348600
2038,52,348600
2038,53,348600
2038,54,348600
2038,55,314200
2038,56,314200
2038,57,314200
2038,58,314200
2038,59,314200
2038,60,310200
2038,61,310200
2038,62,310200
2038,63,310200
2038,64,310200
2038,65,376400
2038,66,376400
2038,67,376400
2038,68,376400
2038,69,376400
2038,70,302800
2038,71,302800
2038,72,302800
2038,73,302800
2038,74,302800
2038,75,194400
2038,76,194400
2038,77,194400
2038,78,194400
2038,79,194400
2038,80,112400
2038,81,112400
2038,82,112400
2038,83,112400
2038,84,112400
2038,85,39200
2038,86,39200
2038,87,39200
2038,88,39200
2038,89,39200
2038,90,16600
2038,91,16600
2038,92,16600
2038,93,16600
2038,94,16600
2038,95,3200
2038,96,3200
2038,97,3200
2038,98,3200
2038,99,3200
2038,100,200
2038,101,200
2038,102,200
2038,103,200
2038,104,200
2039,0,264800
2039,1,264800
2039,2,264800
2039,3,264800
2039,4,264800
2039,5,285800
2039,6,285800
2039,7,285800
2039,8,285800
2039,9,285800
2039,10,317800
2039,11,317800
2039,12,317800
2039,13,317800
2039,14,317800
2039,15,336400
2039,16,336400
2039,17,336400
2039,18,336400
2039,19,336400
2039,20,330200
2039,21,330200
2039,22,330200
2039,23,330200
2039,24,330200
2039,25,314400
2039,26,314400
2039,27,314400
2039,28,314400
2039,29,314400
2039,30,318000
2039,31,318000
2039,32,318000
2039,33,318000
2039,34,318000
2039,35,352200
2039,36,352200
2039,37,352200
2039,38,352200
2039,39,352200
2039,40,383000
2039,41,383000
2039,42,383000
2039,43,383000
2039,44,383000
2039,45,383000
2039,46,383000
2039,47,383000
2039,48,383000
2039,49,383000
2039,50,352600
2039,51,352600
2039,52,352600
2039,53,352600
2039,54,352600
2039,55,320200
2039,56,320200
2039,57,320200
2039,58,320200
2039,59,320200
2039,60,298400
2039,61,298400
2039,62,298400
2039,63,298400
2039,64,298400
2039,65,365200
2039,66,365200
2039,67,365200
2039,68,365200
2039,69,365200
2039,70,315200
2039,71,315200
2039,72,315200
2039,73,315200
2039,74,315200
2039,75,200400
2039,76,200400
2039,77,200400
2039,78,200400
2039,79,200400
2039,80,121400
2039,81,121400
2039,82,121400
2039,83,121400
2039,84,121400
2039,85,40200
2039,86,40200
2039,87,40200
2039,88,40200
2039,89,40200
2039,90,16800
2039,91,16800
2039,92,16800
2039,93,16800
2039,94,16800
2039,95,3400
2039,96,3400
2039,97,3400
2039,98,3400
2039,99,3400
2039,100,200
2039,101,200
2039,102,200
2039,103,200
2039,104,200
2040,0,262600
2040,1,262600
2040,2,262600
2040,3,262600
2040,4,262600
2040,5,280200
2040,6,280200
2040,7,280200
2040,8,280200
2040,9,280200
2040,10,311200
2040,11,311200
2040,12,311200
2040,13,311200
2040,14,311200
2040,15,334200
2040,16,334200
2040,17,334200
2040,18,334200
2040,19,334200
2040,20,331800
2040,21,331800
2040,22,331800
2040,23,331800
2040,24,331800
2040,25,316600
2040,26,316600
2040,27,316600
2040,28,316600
2040,29,316600
2040,30,315400
2040,31,315400
2040,32,315400
2040,33,315400
2040,34,315400
2040,35,342600
2040,36,342600
2040,37,342600
2040,38,342600
2040,39,342600
2040,40,378200
2040,41,378200
2040,42,378200
2040,43,378200
2040,44,378200
2040,45,385200
2040,46,385200
2040,47,385200
2040,48,385200
2040,49,385200
2040,50,357000
2040,51,357000
2040,52,357000
2040,53,357000
2040,54,357000
2040,55,326200
2040,56,326200
2040,57,326200
2040,58,326200
2040,59,326200
2040,60,291600
2040,61,291600
2040,62,291600
2040,63,291600
2040,64,291600
2040,65,349800
2040,66,349800
2040,67,349800
2040,68,349800
2040,69,349800
2040,70,326800
2040,71,326800
2040,72,326800
2040,73,326800
2040,74,326800
2040,75,209000
2040,76,209000
2040,77,209000
2040,78,209000
2040,79,209000
2040,80,126600
2040,81,126600
2040,82,126600
2040,83,126600
2040,84,126600
2040,85,42800
2040,86,42800
2040,87,42800
2040,88,42800
2040,89,42800
2040,90,17000
2040,91,17000
2040,92,17000
2040,93,17000
2040,94,17000
2040,95,3400
2040,96,3400
2040,97,3400
2040,98,3400
2040,99,3400
2040,100,200
2040,101,200
2040,102,200
2040,103,200
2040,104,200
2041,0,261000
2041,1,261000
2041,2,261000
2041,3,261000
2041,4,261000
2041,5,275000
2041,6,275000
2041,7,275000
2041,8,275000
2041,9,275000
2041,10,304600
2041,11,304600
2041,12,304600
2041,13,304600
2041,14,304600
2041,15,331000
2041,16,331000
2041,17,331000
2041,18,331000
2041,19,331000
2041,20,332800
2041,21,332800
2041,22,332800
2041,23,332800
2041,24,332800
2041,25,319400
2041,26,319400
2041,27,319400
2041,28,319400
2041,29,319400
2041,30,314200
2041,31,314200
2041,32,314200
2041,33,314200
2041,34,314200
2041,35,333400
2041,36,333400
2041,37,333400
2041,38,333400
2041,39,333400
2041,40,372200
2041,41,372200
2041,42,372200
2041,43,372200
2041,44,372200
2041,45,385400
2041,46,385400
2041,47,385400
2041,48,385400
2041,49,385400
2041,50,362200
2041,51,362200
2041,52,362200
2041,53,362200
2041,54,362200
2041,55,331200
2041,56,331200
2041,57,331200
2041,58,331200
2041,59,331200
2041,60,290600
2041,61,290600
2041,62,290600
2041,63,290600
2041,64,290600
2041,65,331200
2041,66,331200
2041,67,331200
2041,68,331200
2041,69,331200
2041,70,334800
2041,71,334800
2041,72,334800
2041,73,334800
2041,74,334800
2041,75,219800
2041,76,219800
2041,77,219800
2041,78,219800
2041,79,219800
2041,80,130800
2041,81,130800
2041,82,130800
2041,83,130800
2041,84,130800
2041,85,47000
2041,86,47000
2041,87,47000
2041,88,47000
2041,89,47000
2041,90,16200
2041,91,16200
2041,92,16200
2041,93,16200
2041,94,16200
2041,95,3400
2041,96,3400
2041,97,3400
2041,98,3400
2041,99,3400
2041,100,200
2041,101,200
2041,102,200
2041,103,200
2041,104,200
2042,0,260400
2042,1,260400
2042,2,260400
2042,3,260400
2042,4,260400
2042,5,270600
2042,6,270600
2042,7,270600
2042,8,270600
2042,9,270600
2042,10,297800
2042,11,297800
2042,12,297800
2042,13,297800
2042,14,297800
2042,15,326800
2042,16,326800
2042,17,326800
2042,18,326800
2042,19,326800
2042,20,333200
2042,21,333200
2042,22,333200
2042,23,333200
2042,24,333200
2042,25,322400
2042,26,322400
2042,27,322400
2042,28,322400
2042,29,322400
2042,30,313000
2042,31,313000
2042,32,313000
2042,33,313000
2042,34,313000
2042,35,325800
2042,36,325800
2042,37,325800
2042,38,325800
2042,39,325800
2042,40,365200
2042,41,365200
2042,42,365200
2042,43,365200
2042,44,365200
2042,45,384200
2042,46,384200
2042,47,384200
2042,48,384200
2042,49,384200
2042,50,367400
2042,51,367400
2042,52,367400
2042,53,367400
2042,54,367400
2042,55,335000
2042,56,335000
2042,57,335000
2042,58,335000
2042,59,335000
2042,60,295600
2042,61,295600
2042,62,295600
2042,63,295600
2042,64,295600
2042,65,308800
2042,66,308800
2042,67,308800
2042,68,308800
2042,69,308800
2042,70,338400
2042,71,338400
2042,72,338400
2042,73,338400
2042,74,338400
2042,75,234400
2042,76,234400
2042,77,234400
2042,78,234400
2042,79,234400
2042,80,133000
2042,81,133000
2042,82,133000
2042,83,133000
2042,84,133000
2042,85,53800
2042,86,53800
2042,87,53800
2042,88,53800
2042,89,53800
2042,90,14800
2042,91,14800
2042,92,14800
2042,93,14800
2042,94,14800
2042,95,3800
2042,96,3800
2042,97,3800
2042,98,3800
2042,99,3800
2042,100,400
2042,101,400
2042,102,400
2042,103,400
2042,104,400
2043,0,260200
2043,1,260200
2043,2,260200
2043,3,260200
2043,4,260200
2043,5,266800
2043,6,266800
2043,7,266800
2043,8,266800
2043,9,266800
2043,10,291400
2043,11,291400
2043,12,291400
2043,13,291400
2043,14,291400
2043,15,321800
2043,16,321800
2043,17,321800
2043,18,321800
2043,19,321800
2043,20,332600
2043,21,332600
2043,22,332600
2043,23,332600
2043,24,332600
2043,25,324800
2043,26,324800
2043,27,324800
2043,28,324800
2043,29,324800
2043,30,312400
2043,31,312400
2043,32,312400
2043,33,312400
2043,34,312400
2043,35,320200
2043,36,320200
2043,37,320200
2043,38,320200
2043,39,320200
2043,40,357800
2043,41,357800
2043,42,357800
2043,43,357800
2043,44,357800
2043,45,381600
2043,46,381600
2043,47,381600
2043,48,381600
2043,49,381600
2043,50,372200
2043,51,372200
2043,52,372200
2043,53,372200
2043,54,372200
2043,55,339000
2043,56,339000
2043,57,339000
2043,58,339000
2043,59,339000
2043,60,301600
2043,61,301600
2043,62,301600
2043,63,301600
2043,64,301600
2043,65,289600
2043,66,289600
2043,67,289600
2043,68,289600
2043,69,289600
2043,70,335600
2043,71,335600
2043,72,335600
2043,73,335600
2043,74,335600
2043,75,247800
2043,76,247800
2043,77,247800
2043,78,247800
2043,79,247800
2043,80,135400
2043,81,135400
2043,82,135400
2043,83,135400
2043,84,135400
2043,85,61600
2043,86,61600
2043,87,61600
2043,88,61600
2043,89,61600
2043,90,14400
2043,91,14400
2043,92,14400
2043,93,14400
2043,94,14400
2043,95,3800
2043,96,3800
2043,97,3800
2043,98,3800
2043,99,3800
2043,100,400
2043,101,400
2043,102,400
2043,103,400
2043,104,400
2044,0,260800
2044,1,260800
2044,2,260800
2044,3,260800
2044,4,260800
2044,5,263600
2044,6,263600
2044,7,263600
2044,8,263600
2044,9,263600
2044,10,285000
2044,11,285000
2044,12,285000
2044,13,285000
2044,14,285000
2044,15,316000
2044,16,316000
2044,17,316000
2044,18,316000
2044,19,316000
2044,20,331200
2044,21,331200
2044,22,331200
2044,23,331200
2044,24,331200
2044,25,327000
2044,26,327000
2044,27,327000
2044,28,327000
2044,29,327000
2044,30,313000
2044,31,313000
2044,32,313000
2044,33,313000
2044,34,313000
2044,35,316200
2044,36,316200
2044,37,316200
2044,38,316200
2044,39,316200
2044,40,349400
2044,41,349400
2044,42,349400
2044,43,349400
2044,44,349400
2044,45,378400
2044,46,378400
2044,47,378400
2044,48,378400
2044,49,378400
2044,50,376000
2044,51,376000
2044,52,376000
2044,53,376000
2044,54,376000
2044,55,343200
2044,56,343200
2044,57,343200
2044,58,343200
2044,59,343200
2044,60,307800
2044,61,307800
2044,62,307800
2044,63,307800
2044,64,307800
2044,65,278800
2044,66,278800
2044,67,278800
2044,68,278800
2044,69,278800
2044,70,326000
2044,71,326000
2044,72,326000
2044,73,326000
2044,74,326000
2044,75,258600
2044,76,258600
2044,77,258600
2044,78,258600
2044,79,258600
2044,80,140400
2044,81,140400
2044,82,140400
2044,83,140400
2044,84,140400
2044,85,66400
2044,86,66400
2044,87,66400
2044,88,66400
2044,89,66400
2044,90,15200
2044,91,15200
2044,92,15200
2044,93,15200
2044,94,15200
2044,95,3800
2044,96,3800
2044,97,3800
2044,98,3800
2044,99,3800
2044,100,400
2044,101,400
2044,102,400
2044,103,400
2044,104,400
2045,0,261400
2045,1,261400
2045,2,261400
2045,3,261400
2045,4,261400
2045,5,261400
2045,6,261400
2045,7,261400
2045,8,261400
2045,9,261400
2045,10,279600
2045,11,279600
2045,12,279600
2045,13,279600
2045,14,279600
2045,15,309600
2045,16,309600
2045,17,309600
2045,18,309600
2045,19,309600
2045,20,329000
2045,21,329000
2045,22,329000
2045,23,329000
2045,24,329000
2045,25,328800
2045,26,328800
2045,27,328800
2045,28,328800
2045,29,328800
2045,30,315400
2045,31,315400
2045,32,315400
2045,33,315400
2045,34,315400
2045,35,313800
2045,36,313800
2045,37,313800
2045,38,313800
2045,39,313800
2045,40,339800
2045,41,339800
2045,42,339800
2045,43,339800
2045,44,339800
2045,45,373800
2045,46,373800
2045,47,373800
2045,48,373800
2045,49,373800
2045,50,378200
2045,51,378200
2045,52,378200
2045,53,378200
2045,54,378200
2045,55,347600
2045,56,347600
2045,57,347600
2045,58,347600
2045,59,347600
2045,60,313600
2045,61,313600
2045,62,313600
2045,63,313600
2045,64,313600
2045,65,272800
2045,66,272800
2045,67,272800
2045,68,272800
2045,69,272800
2045,70,312400
2045,71,312400
2045,72,312400
2045,73,312400
2045,74,312400
2045,75,268400
2045,76,268400
2045,77,268400
2045,78,268400
2045,79,268400
2045,80,147200
2045,81,147200
2045,82,147200
2045,83,147200
2045,84,147200
2045,85,69400
2045,86,69400
2045,87,69400
2045,88,69400
2045,89,69400
2045,90,16400
2045,91,16400
2045,92,16400
2045,93,16400
2045,94,16400
2045,95,3800
2045,96,3800
2045,97,3800
2045,98,3800
2045,99,3800
2045,100,400
2045,101,400
2045,102,400
2045,103,400
2045,104,400
2046,0,262400
2046,1,262400
2046,2,262400
2046,3,262400
2046,4,262400
2046,5,260000
2046,6,260000
2046,7,260000
2046,8,260000
2046,9,260000
2046,10,274200
2046,11,274200
2046,12,274200
2046,13,274200
2046,14,274200
2046,15,303000
2046,16,303000
2046,17,303000
2046,18,303000
2046,19,303000
2046,20,325800
2046,21,325800
2046,22,325800
2046,23,325800
2046,24,325800
2046,25,329800
2046,26,329800
2046,27,329800
2046,28,329800
2046,29,329800
2046,30,318200
2046,31,318200
2046,32,318200
2046,33,318200
2046,34,318200
2046,35,312400
2046,36,312400
2046,37,312400
2046,38,312400
2046,39,312400
2046,40,330600
2046,41,330600
2046,42,330600
2046,43,330600
2046,44,330600
2046,45,367800
2046,46,367800
2046,47,367800
2046,48,367800
2046,49,367800
2046,50,378400
2046,51,378400
2046,52,378400
2046,53,378400
2046,54,378400
2046,55,352600
2046,56,352600
2046,57,352600
2046,58,352600
2046,59,352600
2046,60,318600
2046,61,318600
2046,62,318600
2046,63,318600
2046,64,318600
2046,65,272200
2046,66,272200
2046,67,272200
2046,68,272200
2046,69,272200
2046,70,296000
2046,71,296000
2046,72,296000
2046,73,296000
2046,74,296000
2046,75,275200
2046,76,275200
2046,77,275200
2046,78,275200
2046,79,275200
2046,80,155200
2046,81,155200
2046,82,155200
2046,83,155200
2046,84,155200
2046,85,71600
2046,86,71600
2046,87,71600
2046,88,71600
2046,89,71600
2046,90,18400
2046,91,18400
2046,92,18400
2046,93,18400
2046,94,18400
2046,95,3600
2046,96,3600
2046,97,3600
2046,98,3600
2046,99,3600
2046,100,400
2046,101,400
2046,102,400
2046,103,400
2046,104,400
2047,0,263200
2047,1,263200
2047,2,263200
2047,3,263200
2047,4,263200
2047,5,259400
2047,6,259400
2047,7,259400
2047,8,259400
2047,9,259400
2047,10,269800
2047,11,269800
2047,12,269800
2047,13,269800
2047,14,269800
2047,15,296400
2047,16,296400
2047,17,296400
2047,18,296400
2047,19,296400
2047,20,321600
2047,21,321600
2047,22,321600
2047,23,321600
2047,24,321600
2047,25,330000
2047,26,330000
2047,27,330000
2047,28,330000
2047,29,330000
2047,30,321200
2047,31,321200
2047,32,321200
2047,33,321200
2047,34,321200
2047,35,311400
2047,36,311400
2047,37,311400
2047,38,311400
2047,39,311400
2047,40,323200
2047,41,323200
2047,42,323200
2047,43,323200
2047,44,323200
2047,45,361000
2047,46,361000
2047,47,361000
2047,48,361000
2047,49,361000
2047,50,377400
2047,51,377400
2047,52,377400
2047,53,377400
2047,54,377400
2047,55,357800
2047,56,357800
2047,57,357800
2047,58,357800
2047,59,357800
2047,60,322400
2047,61,322400
2047,62,322400
2047,63,322400
2047,64,322400
2047,65,276800
2047,66,276800
2047,67,276800
2047,68,276800
2047,69,276800
2047,70,276200
2047,71,276200
2047,72,276200
2047,73,276200
2047,74,276200
2047,75,278600
2047,76,278600
2047,77,278600
2047,78,278600
2047,79,278600
2047,80,166000
2047,81,166000
2047,82,166000
2047,83,166000
2047,84,166000
2047,85,73000
2047,86,73000
2047,87,73000
2047,88,73000
2047,89,73000
2047,90,20800
2047,91,20800
2047,92,20800
2047,93,20800
2047,94,20800
2047,95,3200
2047,96,3200
2047,97,3200
2047,98,3200
2047,99,3200
2047,100,400
2047,101,400
2047,102,400
2047,103,400
2047,104,400
2048,0,263600
2048,1,263600
2048,2,263600
2048,3,263600
2048,4,263600
2048,5,259400
2048,6,259400
2048,7,259400
2048,8,259400
2048,9,259400
2048,10,266000
2048,11,266000
2048,12,266000
2048,13,266000
2048,14,266000
2048,15,289800
2048,16,289800
2048,17,289800
2048,18,289800
2048,19,289800
2048,20,316800
2048,21,316800
2048,22,316800
2048,23,316800
2048,24,316800
2048,25,329400
2048,26,329400
2048,27,329400
2048,28,329400
2048,29,329400
2048,30,323600
2048,31,323600
2048,32,323600
2048,33,323600
2048,34,323600
2048,35,310800
2048,36,310800
2048,37,310800
2048,38,310800
2048,39,310800
2048,40,317600
2048,41,317600
2048,42,317600
2048,43,317600
2048,44,317600
2048,45,353800
2048,46,353800
2048,47,353800
2048,48,353800
2048,49,353800
2048,50,375200
2048,51,375200
2048,52,375200
2048,53,375200
2048,54,375200
2048,55,362800
2048,56,362800
2048,57,362800
2048,58,362800
2048,59,362800
2048,60,326400
2048,61,326400
2048,62,326400
2048,63,326400
2048,64,326400
2048,65,282800
2048,66,282800
2048,67,282800
2048,68,282800
2048,69,282800
2048,70,259400
2048,71,259400
2048,72,259400
2048,73,259400
2048,74,259400
2048,75,277000
2048,76,277000
2048,77,277000
2048,78,277000
2048,79,277000
2048,80,176400
2048,81,176400
2048,82,176400
2048,83,176400
2048,84,176400
2048,85,75200
2048,86,75200
2048,87,75200
2048,88,75200
2048,89,75200
2048,90,24200
2048,91,24200
2048,92,24200
2048,93,24200
2048,94,24200
2048,95,3200
2048,96,3200
2048,97,3200
2048,98,3200
2048,99,3200
2048,100,400
2048,101,400
2048,102,400
2048,103,400
2048,104,400
2049,0,264000
2049,1,264000
2049,2,264000
2049,3,264000
2049,4,264000
2049,5,259800
2049,6,259800
2049,7,259800
2049,8,259800
2049,9,259800
2049,10,263000
2049,11,263000
2049,12,263000
2049,13,263000
2049,14,263000
2049,15,283600
2049,16,283600
2049,17,283600
2049,18,283600
2049,19,283600
2049,20,311000
2049,21,311000
2049,22,311000
2049,23,311000
2049,24,311000
2049,25,328200
2049,26,328200
2049,27,328200
2049,28,328200
2049,29,328200
2049,30,325800
2049,31,325800
2049,32,325800
2049,33,325800
2049,34,325800
2049,35,311400
2049,36,311400
2049,37,311400
2049,38,311400
2049,39,311400
2049,40,313600
2049,41,313600
2049,42,313600
2049,43,313600
2049,44,313600
2049,45,345400
2049,46,345400
2049,47,345400
2049,48,345400
2049,49,345400
2049,50,371800
2049,51,371800
2049,52,371800
2049,53,371800
2049,54,371800
2049,55,366400
2049,56,366400
2049,57,366400
2049,58,366400
2049,59,366400
2049,60,330400
2049,61,330400
2049,62,330400
2049,63,330400
2049,64,330400
2049,65,288800
2049,66,288800
2049,67,288800
2049,68,288800
2049,69,288800
2049,70,250200
2049,71,250200
2049,72,250200
2049,73,250200
2049,74,250200
2049,75,269200
2049,76,269200
2049,77,269200
2049,78,269200
2049,79,269200
2049,80,184400
2049,81,184400
2049,82,184400
2049,83,184400
2049,84,184400
2049,85,78600
2049,86,78600
2049,87,78600
2049,88,78600
2049,89,78600
2049,90,26000
2049,91,26000
2049,92,26000
2049,93,26000
2049,94,26000
2049,95,3600
2049,96,3600
2049,97,3600
2049,98,3600
2049,99,3600
2049,100,400
2049,101,400
2049,102,400
2049,103,400
2049,104,400
2050,0,263800
2050,1,263800
2050,2,263800
2050,3,263800
2050,4,263800
2050,5,260600
2050,6,260600
2050,7,260600
2050,8,260600
2050,9,260600
2050,10,260800
2050,11,260800
2050,12,260800
2050,13,260800
2050,14,260800
2050,15,278000
2050,16,278000
2050,17,278000
2050,18,278000
2050,19,278000
2050,20,304800
2050,21,304800
2050,22,304800
2050,23,304800
2050,24,304800
2050,25,326000
2050,26,326000
2050,27,326000
2050,28,326000
2050,29,326000
2050,30,327600
2050,31,327600
2050,32,327600
2050,33,327600
2050,34,327600
2050,35,314000
2050,36,314000
2050,37,314000
2050,38,314000
2050,39,314000
2050,40,311400
2050,41,311400
2050,42,311400
2050,43,311400
2050,44,311400
2050,45,335800
2050,46,335800
2050,47,335800
2050,48,335800
2050,49,335800
2050,50,367400
2050,51,367400
2050,52,367400
2050,53,367400
2050,54,367400
2050,55,368800
2050,56,368800
2050,57,368800
2050,58,368800
2050,59,368800
2050,60,335000
2050,61,335000
2050,62,335000
2050,63,335000
2050,64,335000
2050,65,294400
2050,66,294400
2050,67,294400
2050,68,294400
2050,69,294400
2050,70,245200
2050,71,245200
2050,72,245200
2050,73,245200
2050,74,245200
2050,75,258200
2050,76,258200
2050,77,258200
2050,78,258200
2050,79,258200
2050,80,191800
2050,81,191800
2050,82,191800
2050,83,191800
2050,84,191800
2050,85,82800
2050,86,82800
2050,87,82800
2050,88,82800
2050,89,82800
2050,90,27200
2050,91,27200
2050,92,27200
2050,93,27200
2050,94,27200
2050,95,4000
2050,96,4000
2050,97,4000
2050,98,4000
2050,99,4000
2050,100,600
2050,101,600
2050,102,600
2050,103,600
2050,104,600
2051,0,263200
2051,1,263200
2051,2,263200
2051,3,263200
2051,4,263200
2051,5,261400
2051,6,261400
2051,7,261400
2051,8,261400
2051,9,261400
2051,10,259400
2051,11,259400
2051,12,259400
2051,13,259400
2051,14,259400
2051,15,272800
2051,16,272800
2051,17,272800
2051,18,272800
2051,19,272800
2051,20,298200
2051,21,298200
2051,22,298200
2051,23,298200
2051,24,298200
2051,25,322800
2051,26,322800
2051,27,322800
2051,28,322800
2051,29,322800
2051,30,328600
2051,31,328600
2051,32,328600
2051,33,328600
2051,34,328600
2051,35,316600
2051,36,316600
2051,37,316600
2051,38,316600
2051,39,316600
2051,40,310200
2051,41,310200
2051,42,310200
2051,43,310200
2051,44,310200
2051,45,327000
2051,46,327000
2051,47,327000
2051,48,327000
2051,49,327000
2051,50,361400
2051,51,361400
2051,52,361400
2051,53,361400
2051,54,361400
2051,55,369200
2051,56,369200
2051,57,369200
2051,58,369200
2051,59,369200
2051,60,340000
2051,61,340000
2051,62,340000
2051,63,340000
2051,64,340000
2051,65,299200
2051,66,299200
2051,67,299200
2051,68,299200
2051,69,299200
2051,70,245200
2051,71,245200
2051,72,245200
2051,73,245200
2051,74,245200
2051,75,245000
2051,76,245000
2051,77,245000
2051,78,245000
2051,79,245000
2051,80,197000
2051,81,197000
2051,82,197000
2051,83,197000
2051,84,197000
2051,85,87800
2051,86,87800
2051,87,87800
2051,88,87800
2051,89,87800
2051,90,28200
2051,91,28200
2051,92,28200
2051,93,28200
2051,94,28200
2051,95,4400
2051,96,4400
2051,97,4400
2051,98,4400
2051,99,4400
2051,100,400
2051,101,400
2051,102,400
2051,103,400
2051,104,400
2052,0,262200
2052,1,262200
2052,2,262200
2052,3,262200
2052,4,262200
2052,5,262200
2052,6,262200
2052,7,262200
2052,8,262200
2052,9,262200
2052,10,258600
2052,11,258600
2052,12,258600
2052,13,258600
2052,14,258600
2052,15,268400
2052,16,268400
2052,17,268400
2052,18,268400
2052,19,268400
2052,20,291600
2052,21,291600
2052,22,291600
2052,23,291600
2052,24,291600
2052,25,318800
2052,26,318800
2052,27,318800
2052,28,318800
2052,29,318800
2052,30,329000
2052,31,329000
2052,32,329000
2052,33,329000
2052,34,329000
2052,35,319600
2052,36,319600
2052,37,319600
2052,38,319600
2052,39,319600
2052,40,309000
2052,41,309000
2052,42,309000
2052,43,309000
2052,44,309000
2052,45,319600
2052,46,319600
2052,47,319600
2052,48,319600
2052,49,319600
2052,50,355000
2052,51,355000
2052,52,355000
2052,53,355000
2052,54,355000
2052,55,368200
2052,56,368200
2052,57,368200
2052,58,368200
2052,59,368200
2052,60,345200
2052,61,345200
2052,62,345200
2052,63,345200
2052,64,345200
2052,65,303200
2052,66,303200
2052,67,303200
2052,68,303200
2052,69,303200
2052,70,250000
2052,71,250000
2052,72,250000
2052,73,250000
2052,74,250000
2052,75,229200
2052,76,229200
2052,77,229200
2052,78,229200
2052,79,229200
2052,80,200000
2052,81,200000
2052,82,200000
2052,83,200000
2052,84,200000
2052,85,94400
2052,86,94400
2052,87,94400
2052,88,94400
2052,89,94400
2052,90,28800
2052,91,28800
2052,92,28800
2052,93,28800
2052,94,28800
2052,95,5000
2052,96,5000
2052,97,5000
2052,98,5000
2052,99,5000
2052,100,400
2052,101,400
2052,102,400
2052,103,400
2052,104,400
2053,0,260600
2053,1,260600
2053,2,260600
2053,3,260600
2053,4,260600
2053,5,262800
2053,6,262800
2053,7,262800
2053,8,262800
2053,9,262800
2053,10,258600
2053,11,258600
2053,12,258600
2053,13,258600
2053,14,258600
2053,15,264600
2053,16,264600
2053,17,264600
2053,18,264600
2053,19,264600
2053,20,285000
2053,21,285000
2053,22,285000
2053,23,285000
2053,24,285000
2053,25,314000
2053,26,314000
2053,27,314000
2053,28,314000
2053,29,314000
2053,30,328200
2053,31,328200
2053,32,328200
2053,33,328200
2053,34,328200
2053,35,322000
2053,36,322000
2053,37,322000
2053,38,322000
2053,39,322000
2053,40,308400
2053,41,308400
2053,42,308400
2053,43,308400
2053,44,308400
2053,45,314400
2053,46,314400
2053,47,314400
2053,48,314400
2053,49,314400
2053,50,347800
2053,51,347800
2053,52,347800
2053,53,347800
2053,54,347800
2053,55,366000
2053,56,366000
2053,57,366000
2053,58,366000
2053,59,366000
2053,60,350000
2053,61,350000
2053,62,350000
2053,63,350000
2053,64,350000
2053,65,307400
2053,66,307400
2053,67,307400
2053,68,307400
2053,69,307400
2053,70,255600
2053,71,255600
2053,72,255600
2053,73,255600
2053,74,255600
2053,75,215800
2053,76,215800
2053,77,215800
2053,78,215800
2053,79,215800
2053,80,199400
2053,81,199400
2053,82,199400
2053,83,199400
2053,84,199400
2053,85,100800
2053,86,100800
2053,87,100800
2053,88,100800
2053,89,100800
2053,90,30000
2053,91,30000
2053,92,30000
2053,93,30000
2053,94,30000
2053,95,6000
2053,96,6000
2053,97,6000
2053,98,6000
2053,99,6000
2053,100,400
2053,101,400
2053,102,400
2053,103,400
2053,104,400
2054,0,258600
2054,1,258600
2054,2,258600
2054,3,258600
2054,4,258600
2054,5,263200
2054,6,263200
2054,7,263200
2054,8,263200
2054,9,263200
2054,10,259200
2054,11,259200
2054,12,259200
2054,13,259200
2054,14,259200
2054,15,261600
2054,16,261600
2054,17,261600
2054,18,261600
2054,19,261600
2054,20,279000
2054,21,279000
2054,22,279000
2054,23,279000
2054,24,279000
2054,25,308200
2054,26,308200
2054,27,308200
2054,28,308200
2054,29,308200
2054,30,327000
2054,31,327000
2054,32,327000
2054,33,327000
2054,34,327000
2054,35,324200
2054,36,324200
2054,37,324200
2054,38,324200
2054,39,324200
2054,40,309200
2054,41,309200
2054,42,309200
2054,43,309200
2054,44,309200
2054,45,310400
2054,46,310400
2054,47,310400
2054,48,310400
2054,49,310400
2054,50,339600
2054,51,339600
2054,52,339600
2054,53,339600
2054,54,339600
2054,55,363000
2054,56,363000
2054,57,363000
2054,58,363000
2054,59,363000
2054,60,353800
2054,61,353800
2054,62,353800
2054,63,353800
2054,64,353800
2054,65,311400
2054,66,311400
2054,67,311400
2054,68,311400
2054,69,311400
2054,70,261200
2054,71,261200
2054,72,261200
2054,73,261200
2054,74,261200
2054,75,208800
2054,76,208800
2054,77,208800
2054,78,208800
2054,79,208800
2054,80,194000
2054,81,194000
2054,82,194000
2054,83,194000
2054,84,194000
2054,85,106000
2054,86,106000
2054,87,106000
2054,88,106000
2054,89,106000
2054,90,32000
2054,91,32000
2054,92,32000
2054,93,32000
2054,94,32000
2054,95,6400
2054,96,6400
2054,97,6400
2054,98,6400
2054,99,6400
2054,100,600
2054,101,600
2054,102,600
2054,103,600
2054,104,600
2055,0,255800
2055,1,255800
2055,2,255800
2055,3,255800
2055,4,255800
2055,5,262800
2055,6,262800
2055,7,262800
2055,8,262800
2055,9,262800
2055,10,260000
2055,11,260000
2055,12,260000
2055,13,260000
2055,14,260000
2055,15,259400
2055,16,259400
2055,17,259400
2055,18,259400
2055,19,259400
2055,20,273200
2055,21,273200
2055,22,273200
2055,23,273200
2055,24,273200
2055,25,302000
2055,26,302000
2055,27,302000
2055,28,302000
2055,29,302000
2055,30,324800
2055,31,324800
2055,32,324800
2055,33,324800
2055,34,324800
2055,35,326000
2055,36,326000
2055,37,326000
2055,38,326000
2055,39,326000
2055,40,311600
2055,41,311600
2055,42,311600
2055,43,311600
2055,44,311600
2055,45,308200
2055,46,308200
2055,47,308200
2055,48,308200
2055,49,308200
2055,50,330400
2055,51,330400
2055,52,330400
2055,53,330400
2055,54,330400
2055,55,358800
2055,56,358800
2055,57,358800
2055,58,358800
2055,59,358800
2055,60,356000
2055,61,356000
2055,62,356000
2055,63,356000
2055,64,356000
2055,65,315800
2055,66,315800
2055,67,315800
2055,68,315800
2055,69,315800
2055,70,266600
2055,71,266600
2055,72,266600
2055,73,266600
2055,74,266600
2055,75,205200
2055,76,205200
2055,77,205200
2055,78,205200
2055,79,205200
2055,80,186400
2055,81,186400
2055,82,186400
2055,83,186400
2055,84,186400
2055,85,110400
2055,86,110400
2055,87,110400
2055,88,110400
2055,89,110400
2055,90,33800
2055,91,33800
2055,92,33800
2055,93,33800
2055,94,33800
2055,95,6800
2055,96,6800
2055,97,6800
2055,98,6800
2055,99,6800
2055,100,600
2055,101,600
2055,102,600
2055,103,600
2055,104,600
2056,0,252800
2056,1,252800
2056,2,252800
2056,3,252800
2056,4,252800
2056,5,262400
2056,6,262400
2056,7,262400
2056,8,262400
2056,9,262400
2056,10,260800
2056,11,260800
2056,12,260800
2056,13,260800
2056,14,260800
2056,15,258200
2056,16,258200
2056,17,258200
2056,18,258200
2056,19,258200
2056,20,268200
2056,21,268200
2056,22,268200
2056,23,268200
2056,24,268200
2056,25,295400
2056,26,295400
2056,27,295400
2056,28,295400
2056,29,295400
2056,30,321800
2056,31,321800
2056,32,321800
2056,33,321800
2056,34,321800
2056,35,327200
2056,36,327200
2056,37,327200
2056,38,327200
2056,39,327200
2056,40,314400
2056,41,314400
2056,42,314400
2056,43,314400
2056,44,314400
2056,45,307000
2056,46,307000
2056,47,307000
2056,48,307000
2056,49,307000
2056,50,321800
2056,51,321800
2056,52,321800
2056,53,321800
2056,54,321800
2056,55,353000
2056,56,353000
2056,57,353000
2056,58,353000
2056,59,353000
2056,60,356600
2056,61,356600
2056,62,356600
2056,63,356600
2056,64,356600
2056,65,320800
2056,66,320800
2056,67,320800
2056,68,320800
2056,69,320800
2056,70,271400
2056,71,271400
2056,72,271400
2056,73,271400
2056,74,271400
2056,75,205800
2056,76,205800
2056,77,205800
2056,78,205800
2056,79,205800
2056,80,177200
2056,81,177200
2056,82,177200
2056,83,177200
2056,84,177200
2056,85,113800
2056,86,113800
2056,87,113800
2056,88,113800
2056,89,113800
2056,90,36000
2056,91,36000
2056,92,36000
2056,93,36000
2056,94,36000
2056,95,7000
2056,96,7000
2056,97,7000
2056,98,7000
2056,99,7000
2056,100,600
2056,101,600
2056,102,600
2056,103,600
2056,104,600
2057,0,249200
2057,1,249200
2057,2,249200
2057,3,249200
2057,4,249200
2057,5,261200
2057,6,261200
2057,7,261200
2057,8,261200
2057,9,261200
2057,10,261600
2057,11,261600
2057,12,261600
2057,13,261600
2057,14,261600
2057,15,257400
2057,16,257400
2057,17,257400
2057,18,257400
2057,19,257400
2057,20,263800
2057,21,263800
2057,22,263800
2057,23,263800
2057,24,263800
2057,25,289000
2057,26,289000
2057,27,289000
2057,28,289000
2057,29,289000
2057,30,317800
2057,31,317800
2057,32,317800
2057,33,317800
2057,34,317800
2057,35,327400
2057,36,327400
2057,37,327400
2057,38,327400
2057,39,327400
2057,40,317200
2057,41,317200
2057,42,317200
2057,43,317200
2057,44,317200
2057,45,306000
2057,46,306000
2057,47,306000
2057,48,306000
2057,49,306000
2057,50,314600
2057,51,314600
2057,52,314600
2057,53,314600
2057,54,314600
2057,55,346800
2057,56,346800
2057,57,346800
2057,58,346800
2057,59,346800
2057,60,356000
2057,61,356000
2057,62,356000
2057,63,356000
2057,64,356000
2057,65,326000
2057,66,326000
2057,67,326000
2057,68,326000
2057,69,326000
2057,70,275200
2057,71,275200
2057,72,275200
2057,73,275200
2057,74,275200
2057,75,210200
2057,76,210200
2057,77,210200
2057,78,210200
2057,79,210200
2057,80,166400
2057,81,166400
2057,82,166400
2057,83,166400
2057,84,166400
2057,85,116200
2057,86,116200
2057,87,116200
2057,88,116200
2057,89,116200
2057,90,39200
2057,91,39200
2057,92,39200
2057,93,39200
2057,94,39200
2057,95,7200
2057,96,7200
2057,97,7200
2057,98,7200
2057,99,7200
2057,100,800
2057,101,800
2057,102,800
2057,103,800
2057,104,800
2058,0,245400
2058,1,245400
2058,2,245400
2058,3,245400
2058,4,245400
2058,5,259600
2058,6,259600
2058,7,259600
2058,8,259600
2058,9,259600
2058,10,262000
2058,11,262000
2058,12,262000
2058,13,262000
2058,14,262000
2058,15,257400
2058,16,257400
2058,17,257400
2058,18,257400
2058,19,257400
2058,20,260200
2058,21,260200
2058,22,260200
2058,23,260200
2058,24,260200
2058,25,282600
2058,26,282600
2058,27,282600
2058,28,282600
2058,29,282600
2058,30,313000
2058,31,313000
2058,32,313000
2058,33,313000
2058,34,313000
2058,35,327000
2058,36,327000
2058,37,327000
2058,38,327000
2058,39,327000
2058,40,319800
2058,41,319800
2058,42,319800
2058,43,319800
2058,44,319800
2058,45,305400
2058,46,305400
2058,47,305400
2058,48,305400
2058,49,305400
2058,50,309600
2058,51,309600
2058,52,309600
2058,53,309600
2058,54,309600
2058,55,340000
2058,56,340000
2058,57,340000
2058,58,340000
2058,59,340000
2058,60,353800
2058,61,353800
2058,62,353800
2058,63,353800
2058,64,353800
2058,65,330600
2058,66,330600
2058,67,330600
2058,68,330600
2058,69,330600
2058,70,279200
2058,71,279200
2058,72,279200
2058,73,279200
2058,74,279200
2058,75,215600
2058,76,215600
2058,77,215600
2058,78,215600
2058,79,215600
2058,80,157400
2058,81,157400
2058,82,157400
2058,83,157400
2058,84,157400
2058,85,116000
2058,86,116000
2058,87,116000
2058,88,116000
2058,89,116000
2058,90,42000
2058,91,42000
2058,92,42000
2058,93,42000
2058,94,42000
2058,95,7600
2058,96,7600
2058,97,7600
2058,98,7600
2058,99,7600
2058,100,800
2058,101,800
2058,102,800
2058,103,800
2058,104,800
2059,0,241400
2059,1,241400
2059,2,241400
2059,3,241400
2059,4,241400
2059,5,257600
2059,6,257600
2059,7,257600
2059,8,257600
2059,9,257600
2059,10,262400
2059,11,262400
2059,12,262400
2059,13,262400
2059,14,262400
2059,15,257800
2059,16,257800
2059,17,257800
2059,18,257800
2059,19,257800
2059,20,257200
2059,21,257200
2059,22,257200
2059,23,257200
2059,24,257200
2059,25,276400
2059,26,276400
2059,27,276400
2059,28,276400
2059,29,276400
2059,30,307400
2059,31,307400
2059,32,307400
2059,33,307400
2059,34,307400
2059,35,325800
2059,36,325800
2059,37,325800
2059,38,325800
2059,39,325800
2059,40,322000
2059,41,322000
2059,42,322000
2059,43,322000
2059,44,322000
2059,45,306200
2059,46,306200
2059,47,306200
2059,48,306200
2059,49,306200
2059,50,305600
2059,51,305600
2059,52,305600
2059,53,305600
2059,54,305600
2059,55,332200
2059,56,332200
2059,57,332200
2059,58,332200
2059,59,332200
2059,60,351200
2059,61,351200
2059,62,351200
2059,63,351200
2059,64,351200
2059,65,334400
2059,66,334400
2059,67,334400
2059,68,334400
2059,69,334400
2059,70,283200
2059,71,283200
2059,72,283200
2059,73,283200
2059,74,283200
2059,75,220600
2059,76,220600
2059,77,220600
2059,78,220600
2059,79,220600
2059,80,153200
2059,81,153200
2059,82,153200
2059,83,153200
2059,84,153200
2059,85,113200
2059,86,113200
2059,87,113200
2059,88,113200
2059,89,113200
2059,90,44400
2059,91,44400
2059,92,44400
2059,93,44400
2059,94,44400
2059,95,8200
2059,96,8200
2059,97,8200
2059,98,8200
2059,99,8200
2059,100,800
2059,101,800
2059,102,800
2059,103,800
2059,104,800
2060,0,236800
2060,1,236800
2060,2,236800
2060,3,236800
2060,4,236800
2060,5,255000
2060,6,255000
2060,7,255000
2060,8,255000
2060,9,255000
2060,10,262400
2060,11,262400
2060,12,262400
2060,13,262400
2060,14,262400
2060,15,258600
2060,16,258600
2060,17,258600
2060,18,258600
2060,19,258600
2060,20,255200
2060,21,255200
2060,22,255200
2060,23,255200
2060,24,255200
2060,25,271000
2060,26,271000
2060,27,271000
2060,28,271000
2060,29,271000
2060,30,301000
2060,31,301000
2060,32,301000
2060,33,301000
2060,34,301000
2060,35,323600
2060,36,323600
2060,37,323600
2060,38,323600
2060,39,323600
2060,40,323800
2060,41,323800
2060,42,323800
2060,43,323800
2060,44,323800
2060,45,308600
2060,46,308600
2060,47,308600
2060,48,308600
2060,49,308600
2060,50,303400
2060,51,303400
2060,52,303400
2060,53,303400
2060,54,303400
2060,55,323200
2060,56,323200
2060,57,323200
2060,58,323200
2060,59,323200
2060,60,347000
2060,61,347000
2060,62,347000
2060,63,347000
2060,64,347000
2060,65,336800
2060,66,336800
2060,67,336800
2060,68,336800
2060,69,336800
2060,70,287600
2060,71,287600
2060,72,287600
2060,73,287600
2060,74,287600
2060,75,225800
2060,76,225800
2060,77,225800
2060,78,225800
2060,79,225800
2060,80,151400
2060,81,151400
2060,82,151400
2060,83,151400
2060,84,151400
2060,85,109000
2060,86,109000
2060,87,109000
2060,88,109000
2060,89,109000
2060,90,46600
2060,91,46600
2060,92,46600
2060,93,46600
2060,94,46600
2060,95,8800
2060,96,8800
2060,97,8800
2060,98,8800
2060,99,8800
2060,100,1000
2060,101,1000
2060,102,1000
2060,103,1000
2060,104,1000
2061,0,232400
2061,1,232400
2061,2,232400
2061,3,232400
2061,4,232400
2061,5,252000
2061,6,252000
2061,7,252000
2061,8,252000
2061,9,252000
2061,10,261600
2061,11,261600
2061,12,261600
2061,13,261600
2061,14,261600
2061,15,259400
2061,16,259400
2061,17,259400
2061,18,259400
2061,19,259400
2061,20,253600
2061,21,253600
2061,22,253600
2061,23,253600
2061,24,253600
2061,25,265800
2061,26,265800
2061,27,265800
2061,28,265800
2061,29,265800
2061,30,294600
2061,31,294600
2061,32,294600
2061,33,294600
2061,34,294600
2061,35,320400
2061,36,320400
2061,37,320400
2061,38,320400
2061,39,320400
2061,40,325000
2061,41,325000
2061,42,325000
2061,43,325000
2061,44,325000
2061,45,311400
2061,46,311400
2061,47,311400
2061,48,311400
2061,49,311400
2061,50,302400
2061,51,302400
2061,52,302400
2061,53,302400
2061,54,302400
2061,55,314800
2061,56,314800
2061,57,314800
2061,58,314800
2061,59,314800
2061,60,342000
2061,61,342000
2061,62,342000
2061,63,342000
2061,64,342000
2061,65,337600
2061,66,337600
2061,67,337600
2061,68,337600
2061,69,337600
2061,70,292400
2061,71,292400
2061,72,292400
2061,73,292400
2061,74,292400
2061,75,230000
2061,76,230000
2061,77,230000
2061,78,230000
2061,79,230000
2061,80,152600
2061,81,152600
2061,82,152600
2061,83,152600
2061,84,152600
2061,85,104000
2061,86,104000
2061,87,104000
2061,88,104000
2061,89,104000
2061,90,48200
2061,91,48200
2061,92,48200
2061,93,48200
2061,94,48200
2061,95,9400
2061,96,9400
2061,97,9400
2061,98,9400
2061,99,9400
2061,100,1000
2061,101,1000
2061,102,1000
2061,103,1000
2061,104,1000
2062,0,228000
2062,1,228000
2062,2,228000
2062,3,228000
2062,4,228000
2062,5,248400
2062,6,248400
2062,7,248400
2062,8,248400
2062,9,248400
2062,10,260800
2062,11,260800
2062,12,260800
2062,13,260800
2062,14,260800
2062,15,260400
2062,16,260400
2062,17,260400
2062,18,260400
2062,19,260400
2062,20,253200
2062,21,253200
2062,22,253200
2062,23,253200
2062,24,253200
2062,25,261600
2062,26,261600
2062,27,261600
2062,28,261600
2062,29,261600
2062,30,288400
2062,31,288400
2062,32,288400
2062,33,288400
2062,34,288400
2062,35,316600
2062,36,316600
2062,37,316600
2062,38,316600
2062,39,316600
2062,40,325200
2062,41,325200
2062,42,325200
2062,43,325200
2062,44,325200
2062,45,314200
2062,46,314200
2062,47,314200
2062,48,314200
2062,49,314200
2062,50,301600
2062,51,301600
2062,52,301600
2062,53,301600
2062,54,301600
2062,55,307800
2062,56,307800
2062,57,307800
2062,58,307800
2062,59,307800
2062,60,335800
2062,61,335800
2062,62,335800
2062,63,335800
2062,64,335800
2062,65,337200
2062,66,337200
2062,67,337200
2062,68,337200
2062,69,337200
2062,70,297600
2062,71,297600
2062,72,297600
2062,73,297600
2062,74,297600
2062,75,234000
2062,76,234000
2062,77,234000
2062,78,234000
2062,79,234000
2062,80,156600
2062,81,156600
2062,82,156600
2062,83,156600
2062,84,156600
2062,85,98200
2062,86,98200
2062,87,98200
2062,88,98200
2062,89,98200
2062,90,49400
2062,91,49400
2062,92,49400
2062,93,49400
2062,94,49400
2062,95,10200
2062,96,10200
2062,97,10200
2062,98,10200
2062,99,10200
2062,100,1000
2062,101,1000
2062,102,1000
2062,103,1000
2062,104,1000
2063,0,223800
2063,1,223800
2063,2,223800
2063,3,223800
2063,4,223800
2063,5,244600
2063,6,244600
2063,7,244600
2063,8,244600
2063,9,244600
2063,10,259200
2063,11,259200
2063,12,259200
2063,13,259200
2063,14,259200
2063,15,261000
2063,16,261000
2063,17,261000
2063,18,261000
2063,19,261000
2063,20,253200
2063,21,253200
2063,22,253200
2063,23,253200
2063,24,253200
2063,25,258000
2063,26,258000
2063,27,258000
2063,28,258000
2063,29,258000
2063,30,282000
2063,31,282000
2063,32,282000
2063,33,282000
2063,34,282000
2063,35,311800
2063,36,311800
2063,37,311800
2063,38,311800
2063,39,311800
2063,40,324800
2063,41,324800
2063,42,324800
2063,43,324800
2063,44,324800
2063,45,316800
2063,46,316800
2063,47,316800
2063,48,316800
2063,49,316800
2063,50,301000
2063,51,301000
2063,52,301000
2063,53,301000
2063,54,301000
2063,55,302800
2063,56,302800
2063,57,302800
2063,58,302800
2063,59,302800
2063,60,329400
2063,61,329400
2063,62,329400
2063,63,329400
2063,64,329400
2063,65,335400
2063,66,335400
2063,67,335400
2063,68,335400
2063,69,335400
2063,70,302200
2063,71,302200
2063,72,302200
2063,73,302200
2063,74,302200
2063,75,237800
2063,76,237800
2063,77,237800
2063,78,237800
2063,79,237800
2063,80,161000
2063,81,161000
2063,82,161000
2063,83,161000
2063,84,161000
2063,85,93800
2063,86,93800
2063,87,93800
2063,88,93800
2063,89,93800
2063,90,49600
2063,91,49600
2063,92,49600
2063,93,49600
2063,94,49600
2063,95,11200
2063,96,11200
2063,97,11200
2063,98,11200
2063,99,11200
2063,100,1000
2063,101,1000
2063,102,1000
2063,103,1000
2063,104,1000
2064,0,219800
2064,1,219800
2064,2,219800
2064,3,219800
2064,4,219800
2064,5,240600
2064,6,240600
2064,7,240600
2064,8,240600
2064,9,240600
2064,10,257000
2064,11,257000
2064,12,257000
2064,13,257000
2064,14,257000
2064,15,261200
2064,16,261200
2064,17,261200
2064,18,261200
2064,19,261200
2064,20,253600
2064,21,253600
2064,22,253600
2064,23,253600
2064,24,253600
2064,25,255000
2064,26,255000
2064,27,255000
2064,28,255000
2064,29,255000
2064,30,275800
2064,31,275800
2064,32,275800
2064,33,275800
2064,34,275800
2064,35,306400
2064,36,306400
2064,37,306400
2064,38,306400
2064,39,306400
2064,40,323600
2064,41,323600
2064,42,323600
2064,43,323600
2064,44,323600
2064,45,319000
2064,46,319000
2064,47,319000
2064,48,319000
2064,49,319000
2064,50,302000
2064,51,302000
2064,52,302000
2064,53,302000
2064,54,302000
2064,55,299400
2064,56,299400
2064,57,299400
2064,58,299400
2064,59,299400
2064,60,322000
2064,61,322000
2064,62,322000
2064,63,322000
2064,64,322000
2064,65,333000
2064,66,333000
2064,67,333000
2064,68,333000
2064,69,333000
2064,70,306000
2064,71,306000
2064,72,306000
2064,73,306000
2064,74,306000
2064,75,241600
2064,76,241600
2064,77,241600
2064,78,241600
2064,79,241600
2064,80,165400
2064,81,165400
2064,82,165400
2064,83,165400
2064,84,165400
2064,85,91800
2064,86,91800
2064,87,91800
2064,88,91800
2064,89,91800
2064,90,48600
2064,91,48600
2064,92,48600
2064,93,48600
2064,94,48600
2064,95,12000
2064,96,12000
2064,97,12000
2064,98,12000
2064,99,12000
2064,100,1200
2064,101,1200
2064,102,1200
2064,103,1200
2064,104,1200
2065,0,216200
2065,1,216200
2065,2,216200
2065,3,216200
2065,4,216200
2065,5,236200
2065,6,236200
2065,7,236200
2065,8,236200
2065,9,236200
2065,10,254600
2065,11,254600
2065,12,254600
2065,13,254600
2065,14,254600
2065,15,261200
2065,16,261200
2065,17,261200
2065,18,261200
2065,19,261200
2065,20,254400
2065,21,254400
2065,22,254400
2065,23,254400
2065,24,254400
2065,25,253000
2065,26,253000
2065,27,253000
2065,28,253000
2065,29,253000
2065,30,270400
2065,31,270400
2065,32,270400
2065,33,270400
2065,34,270400
2065,35,300000
2065,36,300000
2065,37,300000
2065,38,300000
2065,39,300000
2065,40,321600
2065,41,321600
2065,42,321600
2065,43,321600
2065,44,321600
2065,45,320800
2065,46,320800
2065,47,320800
2065,48,320800
2065,49,320800
2065,50,304400
2065,51,304400
2065,52,304400
2065,53,304400
2065,54,304400
2065,55,297200
2065,56,297200
2065,57,297200
2065,58,297200
2065,59,297200
2065,60,313400
2065,61,313400
2065,62,313400
2065,63,313400
2065,64,313400
2065,65,329600
2065,66,329600
2065,67,329600
2065,68,329600
2065,69,329600
2065,70,308600
2065,71,308600
2065,72,308600
2065,73,308600
2065,74,308600
2065,75,245800
2065,76,245800
2065,77,245800
2065,78,245800
2065,79,245800
2065,80,169600
2065,81,169600
2065,82,169600
2065,83,169600
2065,84,169600
2065,85,91400
2065,86,91400
2065,87,91400
2065,88,91400
2065,89,91400
2065,90,47000
2065,91,47000
2065,92,47000
2065,93,47000
2065,94,47000
2065,95,12600
2065,96,12600
2065,97,12600
2065,98,12600
2065,99,12600
2065,100,1400
2065,101,1400
2065,102,1400
2065,103,1400
2065,104,1400
2066,0,213000
2066,1,213000
2066,2,213000
2066,3,213000
2066,4,213000
2066,5,231600
2066,6,231600
2066,7,231600
2066,8,231600
2066,9,231600
2066,10,251400
2066,11,251400
2066,12,251400
2066,13,251400
2066,14,251400
2066,15,260600
2066,16,260600
2066,17,260600
2066,18,260600
2066,19,260600
2066,20,255400
2066,21,255400
2066,22,255400
2066,23,255400
2066,24,255400
2066,25,251600
2066,26,251600
2066,27,251600
2066,28,251600
2066,29,251600
2066,30,265400
2066,31,265400
2066,32,265400
2066,33,265400
2066,34,265400
2066,35,293800
2066,36,293800
2066,37,293800
2066,38,293800
2066,39,293800
2066,40,318600
2066,41,318600
2066,42,318600
2066,43,318600
2066,44,318600
2066,45,322000
2066,46,322000
2066,47,322000
2066,48,322000
2066,49,322000
2066,50,307000
2066,51,307000
2066,52,307000
2066,53,307000
2066,54,307000
2066,55,296200
2066,56,296200
2066,57,296200
2066,58,296200
2066,59,296200
2066,60,305200
2066,61,305200
2066,62,305200
2066,63,305200
2066,64,305200
2066,65,324800
2066,66,324800
2066,67,324800
2066,68,324800
2066,69,324800
2066,70,309600
2066,71,309600
2066,72,309600
2066,73,309600
2066,74,309600
2066,75,250600
2066,76,250600
2066,77,250600
2066,78,250600
2066,79,250600
2066,80,173400
2066,81,173400
2066,82,173400
2066,83,173400
2066,84,173400
2066,85,93000
2066,86,93000
2066,87,93000
2066,88,93000
2066,89,93000
2066,90,45000
2066,91,45000
2066,92,45000
2066,93,45000
2066,94,45000
2066,95,13000
2066,96,13000
2066,97,13000
2066,98,13000
2066,99,13000
2066,100,1400
2066,101,1400
2066,102,1400
2066,103,1400
2066,104,1400
2067,0,210000
2067,1,210000
2067,2,210000
2067,3,210000
2067,4,210000
2067,5,227400
2067,6,227400
2067,7,227400
2067,8,227400
2067,9,227400
2067,10,248000
2067,11,248000
2067,12,248000
2067,13,248000
2067,14,248000
2067,15,259400
2067,16,259400
2067,17,259400
2067,18,259400
2067,19,259400
2067,20,256200
2067,21,256200
2067,22,256200
2067,23,256200
2067,24,256200
2067,25,251000
2067,26,251000
2067,27,251000
2067,28,251000
2067,29,251000
2067,30,261000
2067,31,261000
2067,32,261000
2067,33,261000
2067,34,261000
2067,35,287200
2067,36,287200
2067,37,287200
2067,38,287200
2067,39,287200
2067,40,314800
2067,41,314800
2067,42,314800
2067,43,314800
2067,44,314800
2067,45,322400
2067,46,322400
2067,47,322400
2067,48,322400
2067,49,322400
2067,50,310000
2067,51,310000
2067,52,310000
2067,53,310000
2067,54,310000
2067,55,295400
2067,56,295400
2067,57,295400
2067,58,295400
2067,59,295400
2067,60,299000
2067,61,299000
2067,62,299000
2067,63,299000
2067,64,299000
2067,65,319400
2067,66,319400
2067,67,319400
2067,68,319400
2067,69,319400
2067,70,309600
2067,71,309600
2067,72,309600
2067,73,309600
2067,74,309600
2067,75,255400
2067,76,255400
2067,77,255400
2067,78,255400
2067,79,255400
2067,80,177000
2067,81,177000
2067,82,177000
2067,83,177000
2067,84,177000
2067,85,96000
2067,86,96000
2067,87,96000
2067,88,96000
2067,89,96000
2067,90,42800
2067,91,42800
2067,92,42800
2067,93,42800
2067,94,42800
2067,95,13600
2067,96,13600
2067,97,13600
2067,98,13600
2067,99,13600
2067,100,1600
2067,101,1600
2067,102,1600
2067,103,1600
2067,104,1600
2068,0,207800
2068,1,207800
2068,2,207800
2068,3,207800
2068,4,207800
2068,5,223000
2068,6,223000
2068,7,223000
2068,8,223000
2068,9,223000
2068,10,244000
2068,11,244000
2068,12,244000
2068,13,244000
2068,14,244000
2068,15,258000
2068,16,258000
2068,17,258000
2068,18,258000
2068,19,258000
2068,20,256800
2068,21,256800
2068,22,256800
2068,23,256800
2068,24,256800
2068,25,251000
2068,26,251000
2068,27,251000
2068,28,251000
2068,29,251000
2068,30,257400
2068,31,257400
2068,32,257400
2068,33,257400
2068,34,257400
2068,35,281200
2068,36,281200
2068,37,281200
2068,38,281200
2068,39,281200
2068,40,310000
2068,41,310000
2068,42,310000
2068,43,310000
2068,44,310000
2068,45,321800
2068,46,321800
2068,47,321800
2068,48,321800
2068,49,321800
2068,50,312600
2068,51,312600
2068,52,312600
2068,53,312600
2068,54,312600
2068,55,295200
2068,56,295200
2068,57,295200
2068,58,295200
2068,59,295200
2068,60,294000
2068,61,294000
2068,62,294000
2068,63,294000
2068,64,294000
2068,65,313400
2068,66,313400
2068,67,313400
2068,68,313400
2068,69,313400
2068,70,308400
2068,71,308400
2068,72,308400
2068,73,308400
2068,74,308400
2068,75,259800
2068,76,259800
2068,77,259800
2068,78,259800
2068,79,259800
2068,80,180400
2068,81,180400
2068,82,180400
2068,83,180400
2068,84,180400
2068,85,99200
2068,86,99200
2068,87,99200
2068,88,99200
2068,89,99200
2068,90,41400
2068,91,41400
2068,92,41400
2068,93,41400
2068,94,41400
2068,95,13600
2068,96,13600
2068,97,13600
2068,98,13600
2068,99,13600
2068,100,1800
2068,101,1800
2068,102,1800
2068,103,1800
2068,104,1800
2069,0,206000
2069,1,206000
2069,2,206000
2069,3,206000
2069,4,206000
2069,5,219200
2069,6,219200
2069,7,219200
2069,8,219200
2069,9,219200
2069,10,240000
2069,11,240000
2069,12,240000
2069,13,240000
2069,14,240000
2069,15,255800
2069,16,255800
2069,17,255800
2069,18,255800
2069,19,255800
2069,20,257000
2069,21,257000
2069,22,257000
2069,23,257000
2069,24,257000
2069,25,251600
2069,26,251600
2069,27,251600
2069,28,251600
2069,29,251600
2069,30,254600
2069,31,254600
2069,32,254600
2069,33,254600
2069,34,254600
2069,35,275200
2069,36,275200
2069,37,275200
2069,38,275200
2069,39,275200
2069,40,304400
2069,41,304400
2069,42,304400
2069,43,304400
2069,44,304400
2069,45,320800
2069,46,320800
2069,47,320800
2069,48,320800
2069,49,320800
2069,50,314800
2069,51,314800
2069,52,314800
2069,53,314800
2069,54,314800
2069,55,296000
2069,56,296000
2069,57,296000
2069,58,296000
2069,59,296000
2069,60,290800
2069,61,290800
2069,62,290800
2069,63,290800
2069,64,290800
2069,65,306400
2069,66,306400
2069,67,306400
2069,68,306400
2069,69,306400
2069,70,306400
2069,71,306400
2069,72,306400
2069,73,306400
2069,74,306400
2069,75,263600
2069,76,263600
2069,77,263600
2069,78,263600
2069,79,263600
2069,80,184000
2069,81,184000
2069,82,184000
2069,83,184000
2069,84,184000
2069,85,102400
2069,86,102400
2069,87,102400
2069,88,102400
2069,89,102400
2069,90,41000
2069,91,41000
2069,92,41000
2069,93,41000
2069,94,41000
2069,95,13400
2069,96,13400
2069,97,13400
2069,98,13400
2069,99,13400
2069,100,1800
2069,101,1800
2069,102,1800
2069,103,1800
2069,104,1800
2070,0,204400
2070,1,204400
2070,2,204400
2070,3,204400
2070,4,204400
2070,5,215400
2070,6,215400
2070,7,215400
2070,8,215400
2070,9,215400
2070,10,235800
2070,11,235800
2070,12,235800
2070,13,235800
2070,14,235800
2070,15,253400
2070,16,253400
2070,17,253400
2070,18,253400
2070,19,253400
2070,20,257000
2070,21,257000
2070,22,257000
2070,23,257000
2070,24,257000
2070,25,252400
2070,26,252400
2070,27,252400
2070,28,252400
2070,29,252400
2070,30,252600
2070,31,252600
2070,32,252600
2070,33,252600
2070,34,252600
2070,35,269800
2070,36,269800
2070,37,269800
2070,38,269800
2070,39,269800
2070,40,298400
2070,41,298400
2070,42,298400
2070,43,298400
2070,44,298400
2070,45,318800
2070,46,318800
2070,47,318800
2070,48,318800
2070,49,318800
2070,50,316600
2070,51,316600
2070,52,316600
2070,53,316600
2070,54,316600
2070,55,298400
2070,56,298400
2070,57,298400
2070,58,298400
2070,59,298400
2070,60,288800
2070,61,288800
2070,62,288800
2070,63,288800
2070,64,288800
2070,65,298400
2070,66,298400
2070,67,298400
2070,68,298400
2070,69,298400
2070,70,303600
2070,71,303600
2070,72,303600
2070,73,303600
2070,74,303600
2070,75,266200
2070,76,266200
2070,77,266200
2070,78,266200
2070,79,266200
2070,80,188000
2070,81,188000
2070,82,188000
2070,83,188000
2070,84,188000
2070,85,105400
2070,86,105400
2070,87,105400
2070,88,105400
2070,89,105400
2070,90,41200
2070,91,41200
2070,92,41200
2070,93,41200
2070,94,41200
2070,95,13000
2070,96,13000
2070,97,13000
2070,98,13000
2070,99,13000
2070,100,2000
2070,101,2000
2070,102,2000
2070,103,2000
2070,104,2000
